<?xml version="1.0" encoding="UTF-8"?>
<project-private xmlns="http://www.netbeans.org/ns/project-private/1">
    <editor-bookmarks xmlns="http://www.netbeans.org/ns/editor-bookmarks/2" lastBookmarkId="0"/>
    <open-files xmlns="http://www.netbeans.org/ns/projectui-open-files/2">
        <group>
            <file>file:/C:/Users/Admin/OneDrive/Documentos/karenMartinezFactory/pfIsaias/src/fes/art/Smartphone.java</file>
            <file>file:/C:/Users/Admin/OneDrive/Documentos/karenMartinezFactory/pfIsaias/src/fes/art/Tablet.java</file>
            <file>file:/C:/Users/Admin/OneDrive/Documentos/karenMartinezFactory/pfIsaias/src/fes/art/Computadora.java</file>
            <file>file:/C:/Users/Admin/OneDrive/Documentos/karenMartinezFactory/pfIsaias/src/ico/fes/factory/InterA.java</file>
            <file>file:/C:/Users/Admin/OneDrive/Documentos/karenMartinezFactory/pfIsaias/src/ico/fes/factory/Factory.java</file>
            <file>file:/C:/Users/Admin/OneDrive/Documentos/karenMartinezFactory/pfIsaias/src/ico/fes/factory/Prueba.java</file>
        </group>
    </open-files>
</project-private>
